{"title": "Forrest Gump", "movieIMDbRating": 8.8, "totalRatingCount": 2016919, "totalUserReviews": "2.9K", "totalCriticReviews": "173", "metaScore": "82", "movieGenres": ["Drama", "Romance"], "directors": ["Robert Zemeckis"], "datePublished": "1994-07-06", "creators": ["Winston Groom", "Eric Roth"], "mainStars": ["Tom Hanks", "Robin Wright", "Gary Sinise"], "description": "The presidencies of Kennedy and Johnson, the Vietnam War, the Watergate scandal and other historical events unfold from the perspective of an Alabama man with an IQ of 75, whose only desire is to be reunited with his childhood swe...", "duration": 142}