{"title": "SpiderMan No Way Home", "movieIMDbRating": 8.3, "totalRatingCount": 675951, "totalUserReviews": "6K", "totalCriticReviews": "396", "metaScore": "71", "movieGenres": ["Action", "Adventure", "Fantasy"], "directors": ["Jon Watts"], "datePublished": "2021-12-17", "creators": ["Chris McKenna", "Erik Sommers", "Stan Lee"], "mainStars": ["Tom Holland", "Zendaya", "Benedict Cumberbatch"], "description": "With Spider-Man's identity now revealed, Peter asks Doctor Strange for help. When a spell goes wrong, dangerous foes from other worlds start to appear, forcing Peter to discover what it truly means to be Spider-Man.", "duration": 148}