{"title": "Morbius", "movieIMDbRating": 5.2, "totalRatingCount": 90706, "totalUserReviews": "1.9K", "totalCriticReviews": "230", "metaScore": "35", "movieGenres": ["Action", "Adventure", "Horror"], "directors": ["Daniel Espinosa"], "datePublished": "2022-04-01", "creators": ["Matt Sazama", "Burk Sharpless"], "mainStars": ["Jared Leto", "Matt Smith", "Adria Arjona"], "description": "Biochemist Michael Morbius tries to cure himself of a rare blood disease, but he inadvertently infects himself with a form of vampirism instead.", "duration": 104}