{"title": "Joker", "movieIMDbRating": 8.4, "totalRatingCount": 1213550, "totalUserReviews": "11.3K", "totalCriticReviews": "697", "metaScore": "59", "movieGenres": ["Crime", "Drama", "Thriller"], "directors": ["Todd Phillips"], "datePublished": "2019-10-04", "creators": ["Todd Phillips", "Scott Silver", "Bob Kane"], "mainStars": ["Joaquin Phoenix", "Robert De Niro", "Zazie Beetz"], "description": "A mentally troubled stand-up comedian embarks on a downward spiral that leads to the creation of an iconic villain.", "duration": 122}