{"title": "John Wick Chapter 3  Parabellum", "movieIMDbRating": 7.4, "totalRatingCount": 330425, "totalUserReviews": "2.4K", "totalCriticReviews": "399", "metaScore": "73", "movieGenres": ["Action", "Crime", "Thriller"], "directors": ["Chad Stahelski"], "datePublished": "2019-07-05", "creators": ["Derek Kolstad", "Shay Hatten", "Chris Collins"], "mainStars": ["Keanu Reeves", "Halle Berry", "Ian McShane"], "description": "John Wick is on the run after killing a member of the international assassins' guild, and with a $14 million price tag on his head, he is the target of hit men and women everywhere.", "duration": 130}