{"title": "Thor Ragnarok", "movieIMDbRating": 7.9, "totalRatingCount": 715040, "totalUserReviews": "1.8K", "totalCriticReviews": "462", "metaScore": "74", "movieGenres": ["Action", "Adventure", "Comedy"], "directors": ["Taika Waititi"], "datePublished": "2017-11-03", "creators": ["Eric Pearson", "Craig Kyle", "Christopher L. Yost"], "mainStars": ["Chris Hemsworth", "Tom Hiddleston", "Cate Blanchett"], "description": "Imprisoned on the planet Sakaar, Thor must race against time to return to Asgard and stop Ragnar\u00f6k, the destruction of his world, at the hands of the powerful and ruthless villain Hela.", "duration": 130}