{"title": "The Dark Knight", "movieIMDbRating": 9, "totalRatingCount": 2581534, "totalUserReviews": "8.2K", "totalCriticReviews": "436", "metaScore": "84", "movieGenres": ["Action", "Crime", "Drama"], "directors": ["Christopher Nolan"], "datePublished": "2008-07-18", "creators": ["Jonathan Nolan", "Christopher Nolan", "David S. Goyer"], "mainStars": ["Christian Bale", "Heath Ledger", "Aaron Eckhart"], "description": "When the menace known as the Joker wreaks havoc and chaos on the people of Gotham, Batman must accept one of the greatest psychological and physical tests of his ability to fight injustice.", "duration": 152}