{"title": "Avengers Endgame", "movieIMDbRating": 8.4, "totalRatingCount": 1073964, "totalUserReviews": "9.5K", "totalCriticReviews": "593", "metaScore": "78", "movieGenres": ["Action", "Adventure", "Drama"], "directors": ["Anthony Russo", "Joe Russo"], "datePublished": "2019-04-26", "creators": ["Christopher Markus", "Stephen McFeely", "Stan Lee"], "mainStars": ["Robert Downey Jr.", "Chris Evans", "Mark Ruffalo"], "description": "After the devastating events of Avengers: Infinity War (2018), the universe is in ruins. With the help of remaining allies, the Avengers assemble once more in order to reverse Thanos' actions and restore balance to the universe.", "duration": 181}